{"files":{"manifest-f5dd77899b3b44689945faaf3f7c0be77f34ab55bda66f03c6ff5b9f3a4d328f.js":{"logical_path":"manifest.js","mtime":"2025-12-11T00:07:07+00:00","size":9,"digest":"1e135afb54bf948ed616b7e518ea9f59c8edad95a2d1dfbae8adc60b167c5f6c","integrity":"sha256-HhNa+1S/lI7WFrflGOqfWcjtrZWi0d+66K3GCxZ8X2w="},"GalaxyGame-logo-493404ca49beb09a4e640090490f4e30ee6d91a2967626d1b7bb113a033e0b9e.png":{"logical_path":"GalaxyGame-logo.png","mtime":"2025-12-11T00:19:13+00:00","size":1469424,"digest":"1df2360054a5306ac3fd648289c513029d8331fed01b41f467bb599d2da139a6","integrity":"sha256-HfI2AFSlMGrD/WSCicUTAp2DMf7QG0H0Z7tZnS2hOaY="},"LDC-logo-05f602448e8c5625fca667255ac0666a9947529694573c2742438dd9fe5f3dce.png":{"logical_path":"LDC-logo.png","mtime":"2025-12-11T00:19:13+00:00","size":1281878,"digest":"ccecd93a7a054c7688063188f0ea420e40264e8846f4e607c151b4c4929c5af7","integrity":"sha256-zOzZOnoFTHaIBjGI8OpCDkAmTohG9OYHwVG0xJKcWvc="},"icons/tech/biotechnology-46fd57a23edfd035a13b15ab4f88d9c6697c8df7bf7ea1262da84e40a4d2a7f9.png":{"logical_path":"icons/tech/biotechnology.png","mtime":"2025-12-11T00:19:13+00:00","size":1650930,"digest":"3500afc70c6bcd975087719b0f72e1bd03e10c58058c2d44407572b70a1c4038","integrity":"sha256-NQCvxwxrzZdQh3GbD3LhvQPhDFgFjC1EQHVytwocQDg="},"icons/tech/computing_ai-5d4e48b583731d9e03f0a56ded8023fba87f2c05d88e89d181ae929def962be9.png":{"logical_path":"icons/tech/computing_ai.png","mtime":"2025-12-11T00:19:13+00:00","size":1772307,"digest":"2a420b349475fd27170c8df7b5937e43594d452da2a01c26a185e4729ed627ea","integrity":"sha256-KkILNJR1/ScXDI33tZN+Q1lNRS2ioBwmoYXkcp7WJ+o="},"icons/tech/construction_manufacturing-893d89c9ee392f4ab45b93f9bd01a59957629b6f3affeb761704210850260844.png":{"logical_path":"icons/tech/construction_manufacturing.png","mtime":"2025-12-11T00:19:13+00:00","size":2019242,"digest":"0d997c258dd9c05d8c83174a93571c1527cf0ebd8442c50cf40817a2d0975b54","integrity":"sha256-DZl8JY3ZwF2MgxdKk1ccFSfPDr2EQsUM9AgXotCXW1Q="},"icons/tech/planetary_engineering-7f268d51ba15cac511c93db7b1af25d34250cfa556714214d286b488a548fd44.png":{"logical_path":"icons/tech/planetary_engineering.png","mtime":"2025-12-11T00:19:13+00:00","size":1438582,"digest":"97b8ff7a64d8eb2c517ad0c0ebc9ab910d5f4d91aea97223a0f7b1feb8c15de7","integrity":"sha256-l7j/emTY6yxRetDA68mrkQ1fTZGuqXIjoPex/rjBXec="},"icons/tech/robotics-686d49d85ed15abc30d817f06f1c83008af62ad641f32e6583660103a69e6ef9.png":{"logical_path":"icons/tech/robotics.png","mtime":"2025-12-11T00:19:13+00:00","size":1784652,"digest":"5ece9cf0ca732541550181b391c3407fbb22976e3ac6ece656c82a698cff22d4","integrity":"sha256-Xs6c8MpzJUFVAYGzkcNAf7sil246xuzmVsgqaYz/ItQ="},"materials/raw/gases/carbon_dioxide-ce6e92d07c37b59e2c3144d703b5bd1669b969d2afce9ccd551974f82dc29090.png":{"logical_path":"materials/raw/gases/carbon_dioxide.png","mtime":"2025-12-11T00:19:13+00:00","size":1327891,"digest":"68e2637c9b7ad3a56481b8627ffc5767f5c402215bd06b056dcddaf1bc172dcd","integrity":"sha256-aOJjfJt606Vkgbhif/xXZ/XEAiFb0GsFbc3a8bwXLc0="},"materials/raw/gases/carbon_monoxide-b70204092eb2351ebc2cafe3cc7bbd2835c64b33eb4d4aa4d9d56592d651c098.png":{"logical_path":"materials/raw/gases/carbon_monoxide.png","mtime":"2025-12-11T00:19:13+00:00","size":1382016,"digest":"2132b68b4ef115a582b7b936824ccce0c433179c9e21927509c88d743ff10477","integrity":"sha256-ITK2i07xFaWCt7k2gkzM4MQzF5yeIZJ1CciNdD/xBHc="},"materials/raw/gases/methane-1a804fef8e9793b7d8f78c46cec886a7141767ce79dc387bce21b6ec0fb4a9f0.png":{"logical_path":"materials/raw/gases/methane.png","mtime":"2025-12-11T00:19:13+00:00","size":1447721,"digest":"b39b81cba7a43cf75d623a15267a76803dacce76430b0534d3058e315b794a89","integrity":"sha256-s5uBy6ekPPddYjoVJnp2gD2sznZDCwU00wWOMVt5Sok="},"materials/raw/gases/nitrogen-216afcd326e53188bd0f6dc49c31e070770d21a22879937d0b57fd95f8e83a1e.png":{"logical_path":"materials/raw/gases/nitrogen.png","mtime":"2025-12-11T00:19:13+00:00","size":1555615,"digest":"2169a33d8a1d4855c23e61d25da2b441a197c315dfb60c4a6fb7e5b09404ad36","integrity":"sha256-IWmjPYodSFXCPmHSXaK0QaGXwxXftgxKb7flsJQErTY="},"materials/raw/gases/oxygen-967fe47beda3a75e8adbb05d4395d680f55ce169f3a393299ed1f5df8edc574e.png":{"logical_path":"materials/raw/gases/oxygen.png","mtime":"2025-12-11T00:19:13+00:00","size":1251505,"digest":"4bba06bc2bffd848c4948ad37afb7e13e0ce9e1806a6dcfdcfd44a793593d7b7","integrity":"sha256-S7oGvCv/2EjElIrTevt+E+DOnhgGptz9z9RKeTWT17c="},"materials/raw/gases/ozone-ea4f1b923b8d0430440d072c37a6d4ff9df555595449602c9afea7483acd9194.png":{"logical_path":"materials/raw/gases/ozone.png","mtime":"2025-12-11T00:19:13+00:00","size":1354531,"digest":"db811d2e0cc61591b6035c3420d5800fe7d188ea3b78ef86e846a4ee1689d5a4","integrity":"sha256-24EdLgzGFZG2A1w0INWAD+fRiOo7eO+G6Eak7haJ1aQ="},"materials/raw/gases/water-5ee192914bb11e3534028faa77103f52e2f93e9236fcc48016409eff39b4119f.png":{"logical_path":"materials/raw/gases/water.png","mtime":"2025-12-11T00:19:13+00:00","size":1368428,"digest":"18651d6247bf102a58f595306ad936f7bebb6707f6552848fedd08f8b8403aa2","integrity":"sha256-GGUdYke/ECpY9ZUwatk29767Zwf2VShI/t0I+LhAOqI="},"units/housing/Inflatable_Habitat_Unit_Icon-1a1ad33add2737180936f56801b036550819c54f4ac769540581aa22503d19de.png":{"logical_path":"units/housing/Inflatable_Habitat_Unit_Icon.png","mtime":"2025-12-11T00:19:13+00:00","size":1532462,"digest":"894921c55f9da442d4783ea93bc8cc6870606007882ef566522326a16b6b707c","integrity":"sha256-iUkhxV+dpELUeD6pO8jMaHBgYAeILvVmUiMmoWtrcHw="},"units/life_support/inflatable_greenhouse-7d8d92f3be903e55310c5a8b73a7ed676ecc02c7790389345e574b1805357f43.png":{"logical_path":"units/life_support/inflatable_greenhouse.png","mtime":"2025-12-11T00:19:13+00:00","size":1536372,"digest":"a991bbb2e9cc60aa298408c6020e8f573c3e04562ac6766324425326a5bc4b88","integrity":"sha256-qZG7sunMYKophAjGAg6PVzw+BFYqxnZjJEJTJqW8S4g="},"application-46ab4153f51ade3fd59e91e9508deee1f8faf55e474decc9e9440334227e73cc.css":{"logical_path":"application.css","mtime":"2025-12-11T00:19:13+00:00","size":12376,"digest":"0bc5bafcf741d776c44a6c2c0c22838a11a1768f60167de9e1f4eb72a27fefd2","integrity":"sha256-C8W6/PdB13bESmwsDCKDihGhdo9gFn3p4fTrcqJ/79I="},"game-459e79f0b13d461b7d663856d16dd1b2a19466c38d3380a8518a2b8f450c85a0.css":{"logical_path":"game.css","mtime":"2025-12-11T00:19:13+00:00","size":4447,"digest":"6e8abdb814a158229277891cfcb9ec977cb45893c0775aec6f24557f938c1484","integrity":"sha256-boq9uBShWCKSd4kc/Lnsl3y0WJPAd1rsbyRVf5OMFIQ="},"ui_enhancements-13d174e2f1fcd7e33b664afd391216458aea10add69cf7e42e2cdb5bb6dee922.css":{"logical_path":"ui_enhancements.css","mtime":"2025-12-11T00:19:13+00:00","size":7242,"digest":"bd34c6a0c14f10421c642e741c7bbffca333c74903b1bd216ef23dd1af12421a","integrity":"sha256-vTTGoMFPEEIcZC50HHu//KMzx0kDsb0hbvI90a8SQho="},"application-7670058eacd6c58fb4e02fa4d14ef6743dee7c4aba5388f30fda7661a953da22.js":{"logical_path":"application.js","mtime":"2025-12-11T00:19:13+00:00","size":243,"digest":"acb9489842807c518aa91ebe31e8b97313f0ed899ef35a91a10a442c9cd412ec","integrity":"sha256-rLlImEKAfFGKqR6+Mei5cxPw7Yme81qRoQpELJzUEuw="},"game-bf792d3a2b946ab500a094698f139e12d3b5d214160d6028189093cf41576974.js":{"logical_path":"game.js","mtime":"2025-12-11T00:19:13+00:00","size":2792,"digest":"988c25c6299ec8a16a84819eed9f0baf9c85271478706b1ee5c3b7ee755289fa","integrity":"sha256-mIwlximeyKFqhIGe7Z8Lr5yFJxR4cGse5cO37nVSifo="},"game_interface-22a7add7f1c3dfcc227919c77c84e8879f6f05920aba6395b5ae350414daf31f.js":{"logical_path":"game_interface.js","mtime":"2025-12-11T00:19:13+00:00","size":17310,"digest":"1e5be2056a28a55f3f021c91c8b12aa1dc10833eb1b9fadd76ee8c9b8eb6e797","integrity":"sha256-HlviBWoopV8/AhyRyLEqodwQgz6xufrddu6Mm46255c="},"game_interface_enhanced-708248da8050effd0a5163f41af05afb049f9f1fc851e620071f105e03599b55.js":{"logical_path":"game_interface_enhanced.js","mtime":"2025-12-11T00:19:13+00:00","size":359,"digest":"6614341e2abec9a8b19b70f46b75a86237e343c1a24d4632a06ff83cb4d43f35","integrity":"sha256-ZhQ0Hiq+yaixm3D0a3WoYjfjQ8GiTUYyoG/4PLTUPzU="},"planet_detail-2ebcec57b66f9476cc8a97e1c73f602d89f6de9f6114e9df2733317a69f0ec84.js":{"logical_path":"planet_detail.js","mtime":"2025-12-11T00:19:13+00:00","size":5078,"digest":"d44be3f5920d6456769657a48e03eb910f0b511b7611f2e3194f8dd3e4e683c4","integrity":"sha256-1Evj9ZINZFZ2llekjgPrkQ8LURt2EfLjGU+N0+Tmg8Q="},"controllers/application-368d98631bccbf2349e0d4f8269afb3fe9625118341966de054759d96ea86c7e.js":{"logical_path":"controllers/application.js","mtime":"2025-12-11T00:19:13+00:00","size":219,"digest":"f72b4b4dc43a99ef6a247d3de06025f15a3b4c6f37d35327ae42c5ac7c00cd08","integrity":"sha256-9ytLTcQ6me9qJH094GAl8Vo7TG8301MnrkLFrHwAzQg="},"controllers/index-2db729dddcc5b979110e98de4b6720f83f91a123172e87281d5a58410fc43806.js":{"logical_path":"controllers/index.js","mtime":"2025-12-11T00:19:13+00:00","size":585,"digest":"248457f421c2ac75ba304921a4b9352d7cce55edfd33304c3d2de8f4b959352c","integrity":"sha256-JIRX9CHCrHW6MEkhpLk1LXzOVe39MzBMPS3o9LlZNSw="},"controllers/hello_controller-549135e8e7c683a538c3d6d517339ba470fcfb79d62f738a0a089ba41851a554.js":{"logical_path":"controllers/hello_controller.js","mtime":"2025-12-11T00:19:13+00:00","size":158,"digest":"88c9da00e8c549bbad7147478d6fbc4a321e205c03fe7ba1be97ae1e9e7ae678","integrity":"sha256-iMnaAOjFSbutcUdHjW+8SjIeIFwD/nuhvpeuHp565ng="},"turbo-a6b3a37c3dae2061186942401d1053a3aaeb51c3ba30fa12fa3d7f56f4dfe6de.js":{"logical_path":"turbo.js","mtime":"2025-12-11T00:19:13+00:00","size":184771,"digest":"5538fdd12ec3d5664af46fd982dbc585c1eca4b62f6e150c1ca7509ae236261a","integrity":"sha256-VTj90S7D1WZK9G/ZgtvFhcHspLYvbhUMHKdQmuI2Jho="},"turbo.min-4cfe7c6aaeb9120821760aa53763dff54fbc561e500da6482fc43c54c7384929.js":{"logical_path":"turbo.min.js","mtime":"2025-12-11T00:19:13+00:00","size":104101,"digest":"c348901886d47415d13ad6deaccae48cd9ebf4aa8bd212b9c95b4a2d9912441c","integrity":"sha256-w0iQGIbUdBXROtberMrkjNnr9KqL0hK5yVtKLZkSRBw="},"turbo.min.js-425ee54ee541e22118661e6f1bde8f4159c7f6cebf39acc1b648cb85af6a197c.map":{"logical_path":"turbo.min.js.map","mtime":"2025-12-11T00:19:13+00:00","size":353214,"digest":"2cdea6081271e50d9a58f08b8d00c71e84987568ec95bc2720177a186e276652","integrity":"sha256-LN6mCBJx5Q2aWPCLjQDHHoSYdWjslbwnIBd6GG4nZlI="},"actiontext-28c61f5197c204db043317a8f8826a87ab31495b741f854d307ca36122deefce.js":{"logical_path":"actiontext.js","mtime":"2025-12-11T00:19:13+00:00","size":30457,"digest":"bcc99d511868dd8b36e6a36485cfcb08299e8d5ed60749987b16486bc7d9fec4","integrity":"sha256-vMmdURho3Ys25qNkhc/LCCmejV7WB0mYexZIa8fZ/sQ="},"trix-da7d74247907ac846550b29f4375ad387ece0871db39dbd9fb05dfb054d97eab.js":{"logical_path":"trix.js","mtime":"2025-12-11T00:19:13+00:00","size":255060,"digest":"314c36a5a3e8012f1edfcc03bd46a5ed39abe767a3514f843f4438171cb89fe9","integrity":"sha256-MUw2paPoAS8e38wDvUal7Tmr52ejUU+EP0Q4Fxy4n+k="},"trix-4e57e9c023438a5c7149651eb98fd76e386baf845f9beb46a2c2dbb6cad38d30.css":{"logical_path":"trix.css","mtime":"2025-12-11T00:19:13+00:00","size":16020,"digest":"f96f8d0938c5575b8ede0747009dad85620c459aa498f816d2874b269fcd2d08","integrity":"sha256-+W+NCTjFV1uO3gdHAJ2thWIMRZqkmPgW0odLJp/NLQg="},"stimulus-f75215805563870a61ee9dc5a207ce46d4675c7e667558a54344fd1e7baa697f.js":{"logical_path":"stimulus.js","mtime":"2025-12-11T00:19:13+00:00","size":88684,"digest":"0e44df7d576be95af610c9b72f710a4c48bf94bbe3bff88a410e9a860dc28fb1","integrity":"sha256-DkTffVdr6Vr2EMm3L3EKTEi/lLvjv/iKQQ6ahg3Cj7E="},"stimulus-autoloader-c584942b568ba74879da31c7c3d51366737bacaf6fbae659383c0a5653685693.js":{"logical_path":"stimulus-autoloader.js","mtime":"2025-12-11T00:19:13+00:00","size":1748,"digest":"ee02d97de413bf7535c3790270aa94068c431ed34290f59ef31eaf9dda66b293","integrity":"sha256-7gLZfeQTv3U1w3kCcKqUBoxDHtNCkPWe8x6vndpmspM="},"stimulus-importmap-autoloader-db2076c783bf2dbee1226e2add52fef290b5d31b5bcd1edd999ac8a6dd31c44a.js":{"logical_path":"stimulus-importmap-autoloader.js","mtime":"2025-12-11T00:19:13+00:00","size":990,"digest":"758f8d5ba9130adaeca041adb97bc02c85cf54c92e77a731a56042ebfa02c064","integrity":"sha256-dY+NW6kTCtrsoEGtuXvALIXPVMkud6cxpWBC6/oCwGQ="},"stimulus-loading-3576ce92b149ad5d6959438c6f291e2426c86df3b874c525b30faad51b0d96b3.js":{"logical_path":"stimulus-loading.js","mtime":"2025-12-11T00:19:13+00:00","size":3316,"digest":"d80f0feea68692981b568bbfef0ed4370b56927ae5c663421e8461a466f0618f","integrity":"sha256-2A8P7qaGkpgbVou/7w7UNwtWknrlxmNCHoRhpGbwYY8="},"stimulus.min-dd364f16ec9504dfb72672295637a1c8838773b01c0b441bd41008124c407894.js":{"logical_path":"stimulus.min.js","mtime":"2025-12-11T00:19:13+00:00","size":45613,"digest":"a02d14912f67acfc0e30871b2793a20e985e308dbaf63ac25514db679c840750","integrity":"sha256-oC0UkS9nrPwOMIcbJ5OiDpheMI269jrCVRTbZ5yEB1A="},"stimulus.min.js-2cc63625fa177963b45da974806e7aee846cbf1d4930815733d0fdf3fb232325.map":{"logical_path":"stimulus.min.js.map","mtime":"2025-12-11T00:19:13+00:00","size":164428,"digest":"3d0f7c81c69552e842a7a822e8ba2b65e9f9b1a72f2faf1e29a4a9e351a555c5","integrity":"sha256-PQ98gcaVUuhCp6gi6LorZen5sacvL68eKaSp41GlVcU="},"activestorage-3ab61e47dd4ee2d79db525ade1dca2ede0ea2b7371fe587e408ee37b7ade265d.js":{"logical_path":"activestorage.js","mtime":"2025-12-11T00:19:13+00:00","size":29045,"digest":"718a3b7737430511519d7175a20269953d97a1252acb0c17e9f7ffe5cac4f4a7","integrity":"sha256-cYo7dzdDBRFRnXF1ogJplT2XoSUqywwX6ff/5crE9Kc="},"activestorage.esm-01f58a45d77495cdfbdfcc872902a430426c4391634ec9c3da5f69fbf8418492.js":{"logical_path":"activestorage.esm.js","mtime":"2025-12-11T00:19:13+00:00","size":26992,"digest":"a10bcef9e766c86260e93966fa6f2fe5efb8b03c744634d8bf0b835eca5414ca","integrity":"sha256-oQvO+edmyGJg6Tlm+m8v5e+4sDx0RjTYvwuDXspUFMo="},"actioncable-5433453f9b6619a9de91aaab2d7fc7ff183e5260c0107cbc9a1aa0c838d9a74e.js":{"logical_path":"actioncable.js","mtime":"2025-12-11T00:19:13+00:00","size":15699,"digest":"6b2fe44d9e4546fcc6b92f0a37b61d6b555020041ede1dd603c007b1c0904ec1","integrity":"sha256-ay/kTZ5FRvzGuS8KN7Yda1VQIAQe3h3WA8AHscCQTsE="},"actioncable.esm-e01089c3ec4fe7817fa9abcad06cab6bdc387f95f0ca6aab4bf7ba7537f70690.js":{"logical_path":"actioncable.esm.js","mtime":"2025-12-11T00:19:13+00:00","size":14080,"digest":"a9e53dfa810276aa0aee8791a910c4878d48b75093398f3d6d822db41b428b7b","integrity":"sha256-qeU9+oECdqoK7oeRqRDEh41It1CTOY89bYIttBtCi3s="},"manifest-6399752e1e2f9795848ccab53f3d7e097a58457281f3e6c9dabf296a1d4b6dbc.js":{"logical_path":"manifest.js","mtime":"2025-12-11T00:12:23+00:00","size":10,"digest":"5c210454b1facc1e317a759f6059324f793841eb23d1f549179b64d1584c55f8","integrity":"sha256-XCEEVLH6zB4xenWfYFkyT3k4Qesj0fVJF5tk0VhMVfg="},"ui_manager-16b8a3a63d52a977d5e321a52643a87c68761133f482589fdc44907464e01b1a.js":{"logical_path":"ui_manager.js","mtime":"2025-12-11T00:19:13+00:00","size":13153,"digest":"20c67d33f7c342544f0597e63b62d90c784e28037aa378d6eb2ca00d3a40fdb3","integrity":"sha256-IMZ9M/fDQlRPBZfmO2LZDHhOKAN6o3jW6yygDTpA/bM="},"manifest-42fd7da1423c7742786a4585e1558e5e2007002ba5a7dfa10215cce6ab7a1d36.js":{"logical_path":"manifest.js","mtime":"2025-12-11T00:19:13+00:00","size":11,"digest":"636159b35205da4142a43bc02d2849d77d3ac07a0946211585cde15a9c6ff21f","integrity":"sha256-Y2FZs1IF2kFCpDvALShJ1306wHoJRiEVhc3hWpxv8h8="},"system_renderer-eaa4694e7ae56e99408f66d74d4395e0f575e5d2f6e0769ae74974c489315312.js":{"logical_path":"system_renderer.js","mtime":"2025-12-11T00:19:13+00:00","size":38,"digest":"ed7729b727427632eeacf1777a01d25023b54c855005a8039a0eec8d95bd3328","integrity":"sha256-7XcptydCdjLurPF3egHSUCO1TIVQBagDmg7sjZW9Myg="}},"assets":{"manifest.js":"manifest-42fd7da1423c7742786a4585e1558e5e2007002ba5a7dfa10215cce6ab7a1d36.js","GalaxyGame-logo.png":"GalaxyGame-logo-493404ca49beb09a4e640090490f4e30ee6d91a2967626d1b7bb113a033e0b9e.png","LDC-logo.png":"LDC-logo-05f602448e8c5625fca667255ac0666a9947529694573c2742438dd9fe5f3dce.png","icons/tech/biotechnology.png":"icons/tech/biotechnology-46fd57a23edfd035a13b15ab4f88d9c6697c8df7bf7ea1262da84e40a4d2a7f9.png","icons/tech/computing_ai.png":"icons/tech/computing_ai-5d4e48b583731d9e03f0a56ded8023fba87f2c05d88e89d181ae929def962be9.png","icons/tech/construction_manufacturing.png":"icons/tech/construction_manufacturing-893d89c9ee392f4ab45b93f9bd01a59957629b6f3affeb761704210850260844.png","icons/tech/planetary_engineering.png":"icons/tech/planetary_engineering-7f268d51ba15cac511c93db7b1af25d34250cfa556714214d286b488a548fd44.png","icons/tech/robotics.png":"icons/tech/robotics-686d49d85ed15abc30d817f06f1c83008af62ad641f32e6583660103a69e6ef9.png","materials/raw/gases/carbon_dioxide.png":"materials/raw/gases/carbon_dioxide-ce6e92d07c37b59e2c3144d703b5bd1669b969d2afce9ccd551974f82dc29090.png","materials/raw/gases/carbon_monoxide.png":"materials/raw/gases/carbon_monoxide-b70204092eb2351ebc2cafe3cc7bbd2835c64b33eb4d4aa4d9d56592d651c098.png","materials/raw/gases/methane.png":"materials/raw/gases/methane-1a804fef8e9793b7d8f78c46cec886a7141767ce79dc387bce21b6ec0fb4a9f0.png","materials/raw/gases/nitrogen.png":"materials/raw/gases/nitrogen-216afcd326e53188bd0f6dc49c31e070770d21a22879937d0b57fd95f8e83a1e.png","materials/raw/gases/oxygen.png":"materials/raw/gases/oxygen-967fe47beda3a75e8adbb05d4395d680f55ce169f3a393299ed1f5df8edc574e.png","materials/raw/gases/ozone.png":"materials/raw/gases/ozone-ea4f1b923b8d0430440d072c37a6d4ff9df555595449602c9afea7483acd9194.png","materials/raw/gases/water.png":"materials/raw/gases/water-5ee192914bb11e3534028faa77103f52e2f93e9236fcc48016409eff39b4119f.png","units/housing/Inflatable_Habitat_Unit_Icon.png":"units/housing/Inflatable_Habitat_Unit_Icon-1a1ad33add2737180936f56801b036550819c54f4ac769540581aa22503d19de.png","units/life_support/inflatable_greenhouse.png":"units/life_support/inflatable_greenhouse-7d8d92f3be903e55310c5a8b73a7ed676ecc02c7790389345e574b1805357f43.png","application.css":"application-46ab4153f51ade3fd59e91e9508deee1f8faf55e474decc9e9440334227e73cc.css","game.css":"game-459e79f0b13d461b7d663856d16dd1b2a19466c38d3380a8518a2b8f450c85a0.css","ui_enhancements.css":"ui_enhancements-13d174e2f1fcd7e33b664afd391216458aea10add69cf7e42e2cdb5bb6dee922.css","application.js":"application-7670058eacd6c58fb4e02fa4d14ef6743dee7c4aba5388f30fda7661a953da22.js","game.js":"game-bf792d3a2b946ab500a094698f139e12d3b5d214160d6028189093cf41576974.js","game_interface.js":"game_interface-22a7add7f1c3dfcc227919c77c84e8879f6f05920aba6395b5ae350414daf31f.js","game_interface_enhanced.js":"game_interface_enhanced-708248da8050effd0a5163f41af05afb049f9f1fc851e620071f105e03599b55.js","planet_detail.js":"planet_detail-2ebcec57b66f9476cc8a97e1c73f602d89f6de9f6114e9df2733317a69f0ec84.js","controllers/application.js":"controllers/application-368d98631bccbf2349e0d4f8269afb3fe9625118341966de054759d96ea86c7e.js","controllers/index.js":"controllers/index-2db729dddcc5b979110e98de4b6720f83f91a123172e87281d5a58410fc43806.js","controllers/hello_controller.js":"controllers/hello_controller-549135e8e7c683a538c3d6d517339ba470fcfb79d62f738a0a089ba41851a554.js","turbo.js":"turbo-a6b3a37c3dae2061186942401d1053a3aaeb51c3ba30fa12fa3d7f56f4dfe6de.js","turbo.min.js":"turbo.min-4cfe7c6aaeb9120821760aa53763dff54fbc561e500da6482fc43c54c7384929.js","turbo.min.js.map":"turbo.min.js-425ee54ee541e22118661e6f1bde8f4159c7f6cebf39acc1b648cb85af6a197c.map","actiontext.js":"actiontext-28c61f5197c204db043317a8f8826a87ab31495b741f854d307ca36122deefce.js","trix.js":"trix-da7d74247907ac846550b29f4375ad387ece0871db39dbd9fb05dfb054d97eab.js","trix.css":"trix-4e57e9c023438a5c7149651eb98fd76e386baf845f9beb46a2c2dbb6cad38d30.css","stimulus.js":"stimulus-f75215805563870a61ee9dc5a207ce46d4675c7e667558a54344fd1e7baa697f.js","stimulus-autoloader.js":"stimulus-autoloader-c584942b568ba74879da31c7c3d51366737bacaf6fbae659383c0a5653685693.js","stimulus-importmap-autoloader.js":"stimulus-importmap-autoloader-db2076c783bf2dbee1226e2add52fef290b5d31b5bcd1edd999ac8a6dd31c44a.js","stimulus-loading.js":"stimulus-loading-3576ce92b149ad5d6959438c6f291e2426c86df3b874c525b30faad51b0d96b3.js","stimulus.min.js":"stimulus.min-dd364f16ec9504dfb72672295637a1c8838773b01c0b441bd41008124c407894.js","stimulus.min.js.map":"stimulus.min.js-2cc63625fa177963b45da974806e7aee846cbf1d4930815733d0fdf3fb232325.map","activestorage.js":"activestorage-3ab61e47dd4ee2d79db525ade1dca2ede0ea2b7371fe587e408ee37b7ade265d.js","activestorage.esm.js":"activestorage.esm-01f58a45d77495cdfbdfcc872902a430426c4391634ec9c3da5f69fbf8418492.js","actioncable.js":"actioncable-5433453f9b6619a9de91aaab2d7fc7ff183e5260c0107cbc9a1aa0c838d9a74e.js","actioncable.esm.js":"actioncable.esm-e01089c3ec4fe7817fa9abcad06cab6bdc387f95f0ca6aab4bf7ba7537f70690.js","ui_manager.js":"ui_manager-16b8a3a63d52a977d5e321a52643a87c68761133f482589fdc44907464e01b1a.js","system_renderer.js":"system_renderer-eaa4694e7ae56e99408f66d74d4395e0f575e5d2f6e0769ae74974c489315312.js"}}